name,image
"Bulbasaur","https://asia.pokemon-card.com/id/card-img/id00017493.png"
"Ivysaur","https://asia.pokemon-card.com/id/card-img/id00017494.png"
"Mega Venusaur ex","https://asia.pokemon-card.com/id/card-img/id00017495.png"
"Chikorita","https://asia.pokemon-card.com/id/card-img/id00017496.png"
"Bayleef","https://asia.pokemon-card.com/id/card-img/id00017497.png"
"Meganium","https://asia.pokemon-card.com/id/card-img/id00017498.png"
"Celebi","https://asia.pokemon-card.com/id/card-img/id00017499.png"
"Shroomish","https://asia.pokemon-card.com/id/card-img/id00017500.png"
"Breloom","https://asia.pokemon-card.com/id/card-img/id00017501.png"
"Tapu Bulu","https://asia.pokemon-card.com/id/card-img/id00017502.png"
"Ogerpon Topeng Teal","https://asia.pokemon-card.com/id/card-img/id00017503.png"
"Obat Luka","https://asia.pokemon-card.com/id/card-img/id00017504.png"
"Bola Ultra","https://asia.pokemon-card.com/id/card-img/id00017505.png"
"Permen Langka","https://asia.pokemon-card.com/id/card-img/id00017506.png"
"PokéPad","https://asia.pokemon-card.com/id/card-img/id00017507.png"
"Tukar Pokémon","https://asia.pokemon-card.com/id/card-img/id00017508.png"
"Pokémon Catcher","https://asia.pokemon-card.com/id/card-img/id00017509.png"
"Set Penangkap Serangga","https://asia.pokemon-card.com/id/card-img/id00017510.png"
"Bola Pokémon","https://asia.pokemon-card.com/id/card-img/id00017511.png"
"Semangat Tarung Iris","https://asia.pokemon-card.com/id/card-img/id00017512.png"
"Urbain","https://asia.pokemon-card.com/id/card-img/id00017513.png"
"Dawn","https://asia.pokemon-card.com/id/card-img/id00017514.png"
"Ketetapan Hati Lillie","https://asia.pokemon-card.com/id/card-img/id00017515.png"
"Energi Dasar {Daun}","https://asia.pokemon-card.com/id/card-img/id00017516.png"
"Meditite","https://asia.pokemon-card.com/id/card-img/id00017471.png"
"Medicham","https://asia.pokemon-card.com/id/card-img/id00017472.png"
"Riolu","https://asia.pokemon-card.com/id/card-img/id00017473.png"
"Mega Lucario ex","https://asia.pokemon-card.com/id/card-img/id00017474.png"
"Croagunk","https://asia.pokemon-card.com/id/card-img/id00017475.png"
"Toxicroak","https://asia.pokemon-card.com/id/card-img/id00017476.png"
"Hawlucha","https://asia.pokemon-card.com/id/card-img/id00017477.png"
"Tropius","https://asia.pokemon-card.com/id/card-img/id00017478.png"
"Stufful","https://asia.pokemon-card.com/id/card-img/id00017479.png"
"Bewear","https://asia.pokemon-card.com/id/card-img/id00017480.png"
"Bola Ultra","https://asia.pokemon-card.com/id/card-img/id00017481.png"
"Protein Kekuatan","https://asia.pokemon-card.com/id/card-img/id00017482.png"
"Fight Gong","https://asia.pokemon-card.com/id/card-img/id00017483.png"
"PokéPad","https://asia.pokemon-card.com/id/card-img/id00017484.png"
"Tukar Pokémon","https://asia.pokemon-card.com/id/card-img/id00017485.png"
"Pokémon Catcher","https://asia.pokemon-card.com/id/card-img/id00017486.png"
"Bola Pokémon","https://asia.pokemon-card.com/id/card-img/id00017487.png"
"Semangat Tarung Iris","https://asia.pokemon-card.com/id/card-img/id00017488.png"
"Urbain","https://asia.pokemon-card.com/id/card-img/id00017489.png"
"Judge","https://asia.pokemon-card.com/id/card-img/id00017490.png"
"Ketetapan Hati Lillie","https://asia.pokemon-card.com/id/card-img/id00017491.png"
"Energi Dasar {Petarung}","https://asia.pokemon-card.com/id/card-img/id00017492.png"
"Pinsir &lt;Ethan&gt;","https://asia.pokemon-card.com/id/card-img/id00017239.png"
"Pinsir &lt;Ethan&gt;","https://asia.pokemon-card.com/id/card-img/id00017574.png"
"Pinsir &lt;Ethan&gt;","https://asia.pokemon-card.com/id/card-img/id00017575.png"
"Yanma","https://asia.pokemon-card.com/id/card-img/id00017240.png"
"Yanma","https://asia.pokemon-card.com/id/card-img/id00017576.png"
"Yanma","https://asia.pokemon-card.com/id/card-img/id00017577.png"
"Yanmega ex","https://asia.pokemon-card.com/id/card-img/id00017241.png"
"Wurmple","https://asia.pokemon-card.com/id/card-img/id00017242.png"
"Wurmple","https://asia.pokemon-card.com/id/card-img/id00017578.png"
"Wurmple","https://asia.pokemon-card.com/id/card-img/id00017579.png"
"Silcoon","https://asia.pokemon-card.com/id/card-img/id00017243.png"
"Silcoon","https://asia.pokemon-card.com/id/card-img/id00017580.png"
"Silcoon","https://asia.pokemon-card.com/id/card-img/id00017581.png"
"Beautifly","https://asia.pokemon-card.com/id/card-img/id00017244.png"
"Beautifly","https://asia.pokemon-card.com/id/card-img/id00017582.png"
"Beautifly","https://asia.pokemon-card.com/id/card-img/id00017583.png"
"Cascoon","https://asia.pokemon-card.com/id/card-img/id00017245.png"
"Cascoon","https://asia.pokemon-card.com/id/card-img/id00017584.png"
"Cascoon","https://asia.pokemon-card.com/id/card-img/id00017585.png"
"Dustox","https://asia.pokemon-card.com/id/card-img/id00017246.png"
"Dustox","https://asia.pokemon-card.com/id/card-img/id00017586.png"
"Dustox","https://asia.pokemon-card.com/id/card-img/id00017587.png"
"Roselia &lt;Cynthia&gt;","https://asia.pokemon-card.com/id/card-img/id00017247.png"
"Roselia &lt;Cynthia&gt;","https://asia.pokemon-card.com/id/card-img/id00017588.png"
"Roselia &lt;Cynthia&gt;","https://asia.pokemon-card.com/id/card-img/id00017589.png"
"Roserade &lt;Cynthia&gt;","https://asia.pokemon-card.com/id/card-img/id00017248.png"
"Roserade &lt;Cynthia&gt;","https://asia.pokemon-card.com/id/card-img/id00017590.png"
"Roserade &lt;Cynthia&gt;","https://asia.pokemon-card.com/id/card-img/id00017591.png"
"Budew","https://asia.pokemon-card.com/id/card-img/id00017249.png"
"Budew","https://asia.pokemon-card.com/id/card-img/id00017592.png"
"Budew","https://asia.pokemon-card.com/id/card-img/id00017593.png"
"Shaymin","https://asia.pokemon-card.com/id/card-img/id00017250.png"
"Shaymin","https://asia.pokemon-card.com/id/card-img/id00017594.png"
"Shaymin","https://asia.pokemon-card.com/id/card-img/id00017595.png"
"Dwebble","https://asia.pokemon-card.com/id/card-img/id00017251.png"
"Dwebble","https://asia.pokemon-card.com/id/card-img/id00017596.png"
"Dwebble","https://asia.pokemon-card.com/id/card-img/id00017597.png"
"Crustle","https://asia.pokemon-card.com/id/card-img/id00017252.png"
"Crustle","https://asia.pokemon-card.com/id/card-img/id00017598.png"
"Crustle","https://asia.pokemon-card.com/id/card-img/id00017599.png"
"Tarountula &lt;Tim Roket&gt;","https://asia.pokemon-card.com/id/card-img/id00017253.png"
"Tarountula &lt;Tim Roket&gt;","https://asia.pokemon-card.com/id/card-img/id00017600.png"
"Tarountula &lt;Tim Roket&gt;","https://asia.pokemon-card.com/id/card-img/id00017601.png"
"Spidops &lt;Tim Roket&gt;","https://asia.pokemon-card.com/id/card-img/id00017254.png"
"Spidops &lt;Tim Roket&gt;","https://asia.pokemon-card.com/id/card-img/id00017602.png"
"Spidops &lt;Tim Roket&gt;","https://asia.pokemon-card.com/id/card-img/id00017603.png"
"Ogerpon Topeng Teal ex","https://asia.pokemon-card.com/id/card-img/id00017255.png"
"Slugma &lt;Ethan&gt;","https://asia.pokemon-card.com/id/card-img/id00017256.png"
"Slugma &lt;Ethan&gt;","https://asia.pokemon-card.com/id/card-img/id00017604.png"
"Slugma &lt;Ethan&gt;","https://asia.pokemon-card.com/id/card-img/id00017605.png"
"Magcargo &lt;Ethan&gt;","https://asia.pokemon-card.com/id/card-img/id00017257.png"
"Magcargo &lt;Ethan&gt;","https://asia.pokemon-card.com/id/card-img/id00017606.png"
"Magcargo &lt;Ethan&gt;","https://asia.pokemon-card.com/id/card-img/id00017607.png"
"Entei","https://asia.pokemon-card.com/id/card-img/id00017258.png"
"Entei","https://asia.pokemon-card.com/id/card-img/id00017608.png"
"Entei","https://asia.pokemon-card.com/id/card-img/id00017609.png"
"Ho-Oh &lt;Ethan&gt; ex","https://asia.pokemon-card.com/id/card-img/id00017259.png"
"Numel","https://asia.pokemon-card.com/id/card-img/id00017260.png"
"Numel","https://asia.pokemon-card.com/id/card-img/id00017610.png"
"Numel","https://asia.pokemon-card.com/id/card-img/id00017611.png"
"Camerupt","https://asia.pokemon-card.com/id/card-img/id00017261.png"
"Camerupt","https://asia.pokemon-card.com/id/card-img/id00017612.png"
"Camerupt","https://asia.pokemon-card.com/id/card-img/id00017613.png"
"Tepig","https://asia.pokemon-card.com/id/card-img/id00017262.png"
"Tepig","https://asia.pokemon-card.com/id/card-img/id00017614.png"
"Tepig","https://asia.pokemon-card.com/id/card-img/id00017615.png"
"Pignite","https://asia.pokemon-card.com/id/card-img/id00017263.png"
"Pignite","https://asia.pokemon-card.com/id/card-img/id00017616.png"
"Pignite","https://asia.pokemon-card.com/id/card-img/id00017617.png"
"Emboar","https://asia.pokemon-card.com/id/card-img/id00017264.png"
"Emboar","https://asia.pokemon-card.com/id/card-img/id00017618.png"
"Emboar","https://asia.pokemon-card.com/id/card-img/id00017619.png"
"Darumaka &lt;N&gt;","https://asia.pokemon-card.com/id/card-img/id00017265.png"
"Darumaka &lt;N&gt;","https://asia.pokemon-card.com/id/card-img/id00017620.png"
"Darumaka &lt;N&gt;","https://asia.pokemon-card.com/id/card-img/id00017621.png"
"Darmanitan &lt;N&gt;","https://asia.pokemon-card.com/id/card-img/id00017266.png"
"Darmanitan &lt;N&gt;","https://asia.pokemon-card.com/id/card-img/id00017622.png"
"Darmanitan &lt;N&gt;","https://asia.pokemon-card.com/id/card-img/id00017623.png"
"Reshiram ex","https://asia.pokemon-card.com/id/card-img/id00017267.png"
"Charcadet","https://asia.pokemon-card.com/id/card-img/id00017268.png"
"Charcadet","https://asia.pokemon-card.com/id/card-img/id00017624.png"
"Charcadet","https://asia.pokemon-card.com/id/card-img/id00017625.png"
"Ceruledge ex","https://asia.pokemon-card.com/id/card-img/id00017269.png"
"Psyduck","https://asia.pokemon-card.com/id/card-img/id00017270.png"
"Psyduck","https://asia.pokemon-card.com/id/card-img/id00017626.png"
"Psyduck","https://asia.pokemon-card.com/id/card-img/id00017627.png"
"Golduck","https://asia.pokemon-card.com/id/card-img/id00017271.png"
"Golduck","https://asia.pokemon-card.com/id/card-img/id00017628.png"
"Golduck","https://asia.pokemon-card.com/id/card-img/id00017629.png"
"Articuno &lt;Tim Roket&gt;","https://asia.pokemon-card.com/id/card-img/id00017272.png"
"Articuno &lt;Tim Roket&gt;","https://asia.pokemon-card.com/id/card-img/id00017630.png"
"Articuno &lt;Tim Roket&gt;","https://asia.pokemon-card.com/id/card-img/id00017631.png"
"Snorunt","https://asia.pokemon-card.com/id/card-img/id00017273.png"
"Snorunt","https://asia.pokemon-card.com/id/card-img/id00017632.png"
"Snorunt","https://asia.pokemon-card.com/id/card-img/id00017633.png"
"Mega Froslass ex","https://asia.pokemon-card.com/id/card-img/id00017274.png"
"Vanillite &lt;N&gt;","https://asia.pokemon-card.com/id/card-img/id00017275.png"
"Vanillite &lt;N&gt;","https://asia.pokemon-card.com/id/card-img/id00017634.png"
"Vanillite &lt;N&gt;","https://asia.pokemon-card.com/id/card-img/id00017635.png"
"Vanillish &lt;N&gt;","https://asia.pokemon-card.com/id/card-img/id00017276.png"
"Vanillish &lt;N&gt;","https://asia.pokemon-card.com/id/card-img/id00017636.png"
"Vanillish &lt;N&gt;","https://asia.pokemon-card.com/id/card-img/id00017637.png"
"Vanilluxe &lt;N&gt;","https://asia.pokemon-card.com/id/card-img/id00017277.png"
"Vanilluxe &lt;N&gt;","https://asia.pokemon-card.com/id/card-img/id00017638.png"
"Vanilluxe &lt;N&gt;","https://asia.pokemon-card.com/id/card-img/id00017639.png"
"Snom","https://asia.pokemon-card.com/id/card-img/id00017278.png"
"Snom","https://asia.pokemon-card.com/id/card-img/id00017640.png"
"Snom","https://asia.pokemon-card.com/id/card-img/id00017641.png"
"Frosmoth","https://asia.pokemon-card.com/id/card-img/id00017279.png"
"Frosmoth","https://asia.pokemon-card.com/id/card-img/id00017642.png"
"Frosmoth","https://asia.pokemon-card.com/id/card-img/id00017643.png"
"Glastrier","https://asia.pokemon-card.com/id/card-img/id00017280.png"
"Glastrier","https://asia.pokemon-card.com/id/card-img/id00017644.png"
"Glastrier","https://asia.pokemon-card.com/id/card-img/id00017645.png"
"Chien-Pao","https://asia.pokemon-card.com/id/card-img/id00017281.png"
"Chien-Pao","https://asia.pokemon-card.com/id/card-img/id00017646.png"
"Chien-Pao","https://asia.pokemon-card.com/id/card-img/id00017647.png"
"Pikachu ex","https://asia.pokemon-card.com/id/card-img/id00017282.png"
"Magnemite","https://asia.pokemon-card.com/id/card-img/id00017283.png"
"Magnemite","https://asia.pokemon-card.com/id/card-img/id00017648.png"
"Magnemite","https://asia.pokemon-card.com/id/card-img/id00017649.png"
"Magneton","https://asia.pokemon-card.com/id/card-img/id00017284.png"
"Magneton","https://asia.pokemon-card.com/id/card-img/id00017650.png"
"Magneton","https://asia.pokemon-card.com/id/card-img/id00017651.png"
"Tynamo","https://asia.pokemon-card.com/id/card-img/id00017285.png"
"Tynamo","https://asia.pokemon-card.com/id/card-img/id00017652.png"
"Tynamo","https://asia.pokemon-card.com/id/card-img/id00017653.png"
"Eelektrik","https://asia.pokemon-card.com/id/card-img/id00017286.png"
"Eelektrik","https://asia.pokemon-card.com/id/card-img/id00017654.png"
"Eelektrik","https://asia.pokemon-card.com/id/card-img/id00017655.png"
"Mega Eelektross ex","https://asia.pokemon-card.com/id/card-img/id00017287.png"
"Stunfisk","https://asia.pokemon-card.com/id/card-img/id00017288.png"
"Stunfisk","https://asia.pokemon-card.com/id/card-img/id00017656.png"
"Stunfisk","https://asia.pokemon-card.com/id/card-img/id00017657.png"
"Zekrom ex","https://asia.pokemon-card.com/id/card-img/id00017289.png"
"Helioptile","https://asia.pokemon-card.com/id/card-img/id00017290.png"
"Helioptile","https://asia.pokemon-card.com/id/card-img/id00017658.png"
"Helioptile","https://asia.pokemon-card.com/id/card-img/id00017659.png"
"Heliolisk","https://asia.pokemon-card.com/id/card-img/id00017291.png"
"Heliolisk","https://asia.pokemon-card.com/id/card-img/id00017660.png"
"Heliolisk","https://asia.pokemon-card.com/id/card-img/id00017661.png"
"Tapu Koko","https://asia.pokemon-card.com/id/card-img/id00017292.png"
"Tapu Koko","https://asia.pokemon-card.com/id/card-img/id00017662.png"
"Tapu Koko","https://asia.pokemon-card.com/id/card-img/id00017663.png"
"Zeraora","https://asia.pokemon-card.com/id/card-img/id00017293.png"
"Zeraora","https://asia.pokemon-card.com/id/card-img/id00017664.png"
"Zeraora","https://asia.pokemon-card.com/id/card-img/id00017665.png"
"Tadbulb &lt;Mistika&gt;","https://asia.pokemon-card.com/id/card-img/id00017294.png"
"Tadbulb &lt;Mistika&gt;","https://asia.pokemon-card.com/id/card-img/id00017666.png"
"Tadbulb &lt;Mistika&gt;","https://asia.pokemon-card.com/id/card-img/id00017667.png"
"Bellibolt &lt;Mistika&gt; ex","https://asia.pokemon-card.com/id/card-img/id00017295.png"
"Wattrel &lt;Mistika&gt;","https://asia.pokemon-card.com/id/card-img/id00017296.png"
"Wattrel &lt;Mistika&gt;","https://asia.pokemon-card.com/id/card-img/id00017668.png"
"Wattrel &lt;Mistika&gt;","https://asia.pokemon-card.com/id/card-img/id00017669.png"
"Kilowattrel &lt;Mistika&gt;","https://asia.pokemon-card.com/id/card-img/id00017297.png"
"Kilowattrel &lt;Mistika&gt;","https://asia.pokemon-card.com/id/card-img/id00017670.png"
"Kilowattrel &lt;Mistika&gt;","https://asia.pokemon-card.com/id/card-img/id00017671.png"
"Clefairy &lt;Lillie&gt; ex","https://asia.pokemon-card.com/id/card-img/id00017298.png"
"Exeggcute &lt;Tim Roket&gt;","https://asia.pokemon-card.com/id/card-img/id00017299.png"
"Exeggcute &lt;Tim Roket&gt;","https://asia.pokemon-card.com/id/card-img/id00017672.png"
"Exeggcute &lt;Tim Roket&gt;","https://asia.pokemon-card.com/id/card-img/id00017673.png"
"Exeggutor &lt;Tim Roket&gt;","https://asia.pokemon-card.com/id/card-img/id00017300.png"
"Exeggutor &lt;Tim Roket&gt;","https://asia.pokemon-card.com/id/card-img/id00017674.png"
"Exeggutor &lt;Tim Roket&gt;","https://asia.pokemon-card.com/id/card-img/id00017675.png"
"Mewtwo &lt;Tim Roket&gt; ex","https://asia.pokemon-card.com/id/card-img/id00017301.png"
"Togepi","https://asia.pokemon-card.com/id/card-img/id00017302.png"
"Togepi","https://asia.pokemon-card.com/id/card-img/id00017676.png"
"Togepi","https://asia.pokemon-card.com/id/card-img/id00017677.png"
"Togetic","https://asia.pokemon-card.com/id/card-img/id00017303.png"
"Togetic","https://asia.pokemon-card.com/id/card-img/id00017678.png"
"Togetic","https://asia.pokemon-card.com/id/card-img/id00017679.png"
"Togekiss","https://asia.pokemon-card.com/id/card-img/id00017304.png"
"Togekiss","https://asia.pokemon-card.com/id/card-img/id00017680.png"
"Togekiss","https://asia.pokemon-card.com/id/card-img/id00017681.png"
"Misdreavus","https://asia.pokemon-card.com/id/card-img/id00017305.png"
"Misdreavus","https://asia.pokemon-card.com/id/card-img/id00017682.png"
"Misdreavus","https://asia.pokemon-card.com/id/card-img/id00017683.png"
"Mismagius","https://asia.pokemon-card.com/id/card-img/id00017306.png"
"Mismagius","https://asia.pokemon-card.com/id/card-img/id00017684.png"
"Mismagius","https://asia.pokemon-card.com/id/card-img/id00017685.png"
"Ralts","https://asia.pokemon-card.com/id/card-img/id00017307.png"
"Ralts","https://asia.pokemon-card.com/id/card-img/id00017686.png"
"Ralts","https://asia.pokemon-card.com/id/card-img/id00017687.png"
"Kirlia","https://asia.pokemon-card.com/id/card-img/id00017308.png"
"Kirlia","https://asia.pokemon-card.com/id/card-img/id00017688.png"
"Kirlia","https://asia.pokemon-card.com/id/card-img/id00017689.png"
"Mega Gardevoir ex","https://asia.pokemon-card.com/id/card-img/id00017309.png"
"Duskull","https://asia.pokemon-card.com/id/card-img/id00017310.png"
"Duskull","https://asia.pokemon-card.com/id/card-img/id00017690.png"
"Duskull","https://asia.pokemon-card.com/id/card-img/id00017691.png"
"Dusclops","https://asia.pokemon-card.com/id/card-img/id00017311.png"
"Dusclops","https://asia.pokemon-card.com/id/card-img/id00017692.png"
"Dusclops","https://asia.pokemon-card.com/id/card-img/id00017693.png"
"Dusknoir","https://asia.pokemon-card.com/id/card-img/id00017312.png"
"Dusknoir","https://asia.pokemon-card.com/id/card-img/id00017694.png"
"Dusknoir","https://asia.pokemon-card.com/id/card-img/id00017695.png"
"Latias ex","https://asia.pokemon-card.com/id/card-img/id00017313.png"
"Rotom","https://asia.pokemon-card.com/id/card-img/id00017314.png"
"Rotom","https://asia.pokemon-card.com/id/card-img/id00017696.png"
"Rotom","https://asia.pokemon-card.com/id/card-img/id00017697.png"
"Phantump &lt;Hop&gt;","https://asia.pokemon-card.com/id/card-img/id00017315.png"
"Phantump &lt;Hop&gt;","https://asia.pokemon-card.com/id/card-img/id00017698.png"
"Phantump &lt;Hop&gt;","https://asia.pokemon-card.com/id/card-img/id00017699.png"
"Trevenant &lt;Hop&gt;","https://asia.pokemon-card.com/id/card-img/id00017316.png"
"Trevenant &lt;Hop&gt;","https://asia.pokemon-card.com/id/card-img/id00017700.png"
"Trevenant &lt;Hop&gt;","https://asia.pokemon-card.com/id/card-img/id00017701.png"
"Mimikyu &lt;Tim Roket&gt;","https://asia.pokemon-card.com/id/card-img/id00017317.png"
"Mimikyu &lt;Tim Roket&gt;","https://asia.pokemon-card.com/id/card-img/id00017702.png"
"Mimikyu &lt;Tim Roket&gt;","https://asia.pokemon-card.com/id/card-img/id00017703.png"
"Spectrier","https://asia.pokemon-card.com/id/card-img/id00017318.png"
"Spectrier","https://asia.pokemon-card.com/id/card-img/id00017704.png"
"Spectrier","https://asia.pokemon-card.com/id/card-img/id00017705.png"
"Munkidori","https://asia.pokemon-card.com/id/card-img/id00017319.png"
"Munkidori","https://asia.pokemon-card.com/id/card-img/id00017706.png"
"Munkidori","https://asia.pokemon-card.com/id/card-img/id00017707.png"
"Diglett &lt;Tim Roket&gt;","https://asia.pokemon-card.com/id/card-img/id00017320.png"
"Diglett &lt;Tim Roket&gt;","https://asia.pokemon-card.com/id/card-img/id00017708.png"
"Diglett &lt;Tim Roket&gt;","https://asia.pokemon-card.com/id/card-img/id00017709.png"
"Dugtrio &lt;Tim Roket&gt;","https://asia.pokemon-card.com/id/card-img/id00017321.png"
"Dugtrio &lt;Tim Roket&gt;","https://asia.pokemon-card.com/id/card-img/id00017710.png"
"Dugtrio &lt;Tim Roket&gt;","https://asia.pokemon-card.com/id/card-img/id00017711.png"
"Meditite","https://asia.pokemon-card.com/id/card-img/id00017322.png"
"Meditite","https://asia.pokemon-card.com/id/card-img/id00017712.png"
"Meditite","https://asia.pokemon-card.com/id/card-img/id00017713.png"
"Medicham","https://asia.pokemon-card.com/id/card-img/id00017323.png"
"Medicham","https://asia.pokemon-card.com/id/card-img/id00017714.png"
"Medicham","https://asia.pokemon-card.com/id/card-img/id00017715.png"
"Lunatone","https://asia.pokemon-card.com/id/card-img/id00017324.png"
"Lunatone","https://asia.pokemon-card.com/id/card-img/id00017716.png"
"Lunatone","https://asia.pokemon-card.com/id/card-img/id00017717.png"
"Solrock","https://asia.pokemon-card.com/id/card-img/id00017325.png"
"Solrock","https://asia.pokemon-card.com/id/card-img/id00017718.png"
"Solrock","https://asia.pokemon-card.com/id/card-img/id00017719.png"
"Gible &lt;Cynthia&gt;","https://asia.pokemon-card.com/id/card-img/id00017326.png"
"Gible &lt;Cynthia&gt;","https://asia.pokemon-card.com/id/card-img/id00017720.png"
"Gible &lt;Cynthia&gt;","https://asia.pokemon-card.com/id/card-img/id00017721.png"
"Gabite &lt;Cynthia&gt;","https://asia.pokemon-card.com/id/card-img/id00017327.png"
"Gabite &lt;Cynthia&gt;","https://asia.pokemon-card.com/id/card-img/id00017722.png"
"Gabite &lt;Cynthia&gt;","https://asia.pokemon-card.com/id/card-img/id00017723.png"
"Garchomp &lt;Cynthia&gt; ex","https://asia.pokemon-card.com/id/card-img/id00017328.png"
"Riolu","https://asia.pokemon-card.com/id/card-img/id00017329.png"
"Riolu","https://asia.pokemon-card.com/id/card-img/id00017724.png"
"Riolu","https://asia.pokemon-card.com/id/card-img/id00017725.png"
"Mega Lucario ex","https://asia.pokemon-card.com/id/card-img/id00017330.png"
"Pancham","https://asia.pokemon-card.com/id/card-img/id00017331.png"
"Pancham","https://asia.pokemon-card.com/id/card-img/id00017726.png"
"Pancham","https://asia.pokemon-card.com/id/card-img/id00017727.png"
"Mega Hawlucha ex","https://asia.pokemon-card.com/id/card-img/id00017332.png"
"Rolycoly","https://asia.pokemon-card.com/id/card-img/id00017333.png"
"Rolycoly","https://asia.pokemon-card.com/id/card-img/id00017728.png"
"Rolycoly","https://asia.pokemon-card.com/id/card-img/id00017729.png"
"Carkol","https://asia.pokemon-card.com/id/card-img/id00017334.png"
"Carkol","https://asia.pokemon-card.com/id/card-img/id00017730.png"
"Carkol","https://asia.pokemon-card.com/id/card-img/id00017731.png"
"Coalossal","https://asia.pokemon-card.com/id/card-img/id00017335.png"
"Coalossal","https://asia.pokemon-card.com/id/card-img/id00017732.png"
"Coalossal","https://asia.pokemon-card.com/id/card-img/id00017733.png"
"Okidogi","https://asia.pokemon-card.com/id/card-img/id00017336.png"
"Okidogi","https://asia.pokemon-card.com/id/card-img/id00017734.png"
"Okidogi","https://asia.pokemon-card.com/id/card-img/id00017735.png"
"Zubat &lt;Tim Roket&gt;","https://asia.pokemon-card.com/id/card-img/id00017337.png"
"Zubat &lt;Tim Roket&gt;","https://asia.pokemon-card.com/id/card-img/id00017736.png"
"Zubat &lt;Tim Roket&gt;","https://asia.pokemon-card.com/id/card-img/id00017737.png"
"Golbat &lt;Tim Roket&gt;","https://asia.pokemon-card.com/id/card-img/id00017338.png"
"Golbat &lt;Tim Roket&gt;","https://asia.pokemon-card.com/id/card-img/id00017738.png"
"Golbat &lt;Tim Roket&gt;","https://asia.pokemon-card.com/id/card-img/id00017739.png"
"Crobat &lt;Tim Roket&gt; ex","https://asia.pokemon-card.com/id/card-img/id00017339.png"
"Murkrow &lt;Tim Roket&gt;","https://asia.pokemon-card.com/id/card-img/id00017340.png"
"Murkrow &lt;Tim Roket&gt;","https://asia.pokemon-card.com/id/card-img/id00017740.png"
"Murkrow &lt;Tim Roket&gt;","https://asia.pokemon-card.com/id/card-img/id00017741.png"
"Honchkrow &lt;Tim Roket&gt;","https://asia.pokemon-card.com/id/card-img/id00017341.png"
"Honchkrow &lt;Tim Roket&gt;","https://asia.pokemon-card.com/id/card-img/id00017742.png"
"Honchkrow &lt;Tim Roket&gt;","https://asia.pokemon-card.com/id/card-img/id00017743.png"
"Sneasel &lt;Tim Roket&gt;","https://asia.pokemon-card.com/id/card-img/id00017342.png"
"Sneasel &lt;Tim Roket&gt;","https://asia.pokemon-card.com/id/card-img/id00017744.png"
"Sneasel &lt;Tim Roket&gt;","https://asia.pokemon-card.com/id/card-img/id00017745.png"
"Galarian Zigzagoon","https://asia.pokemon-card.com/id/card-img/id00017343.png"
"Galarian Zigzagoon","https://asia.pokemon-card.com/id/card-img/id00017746.png"
"Galarian Zigzagoon","https://asia.pokemon-card.com/id/card-img/id00017747.png"
"Galarian Linoone","https://asia.pokemon-card.com/id/card-img/id00017344.png"
"Galarian Linoone","https://asia.pokemon-card.com/id/card-img/id00017748.png"
"Galarian Linoone","https://asia.pokemon-card.com/id/card-img/id00017749.png"
"Galarian Obstagoon","https://asia.pokemon-card.com/id/card-img/id00017345.png"
"Galarian Obstagoon","https://asia.pokemon-card.com/id/card-img/id00017750.png"
"Galarian Obstagoon","https://asia.pokemon-card.com/id/card-img/id00017751.png"
"Spiritomb &lt;Cynthia&gt;","https://asia.pokemon-card.com/id/card-img/id00017346.png"
"Spiritomb &lt;Cynthia&gt;","https://asia.pokemon-card.com/id/card-img/id00017752.png"
"Spiritomb &lt;Cynthia&gt;","https://asia.pokemon-card.com/id/card-img/id00017753.png"
"Scraggy","https://asia.pokemon-card.com/id/card-img/id00017347.png"
"Scraggy","https://asia.pokemon-card.com/id/card-img/id00017754.png"
"Scraggy","https://asia.pokemon-card.com/id/card-img/id00017755.png"
"Mega Scrafty ex","https://asia.pokemon-card.com/id/card-img/id00017348.png"
"Zorua &lt;N&gt;","https://asia.pokemon-card.com/id/card-img/id00017349.png"
"Zorua &lt;N&gt;","https://asia.pokemon-card.com/id/card-img/id00017756.png"
"Zorua &lt;N&gt;","https://asia.pokemon-card.com/id/card-img/id00017757.png"
"Zoroark &lt;N&gt; ex","https://asia.pokemon-card.com/id/card-img/id00017350.png"
"Pangoro","https://asia.pokemon-card.com/id/card-img/id00017351.png"
"Pangoro","https://asia.pokemon-card.com/id/card-img/id00017758.png"
"Pangoro","https://asia.pokemon-card.com/id/card-img/id00017759.png"
"Fezandipiti ex","https://asia.pokemon-card.com/id/card-img/id00017352.png"
"Pecharunt","https://asia.pokemon-card.com/id/card-img/id00017353.png"
"Pecharunt","https://asia.pokemon-card.com/id/card-img/id00017760.png"
"Pecharunt","https://asia.pokemon-card.com/id/card-img/id00017761.png"
"Pawniard","https://asia.pokemon-card.com/id/card-img/id00017354.png"
"Pawniard","https://asia.pokemon-card.com/id/card-img/id00017762.png"
"Pawniard","https://asia.pokemon-card.com/id/card-img/id00017763.png"
"Bisharp","https://asia.pokemon-card.com/id/card-img/id00017355.png"
"Bisharp","https://asia.pokemon-card.com/id/card-img/id00017764.png"
"Bisharp","https://asia.pokemon-card.com/id/card-img/id00017765.png"
"Kingambit","https://asia.pokemon-card.com/id/card-img/id00017356.png"
"Kingambit","https://asia.pokemon-card.com/id/card-img/id00017766.png"
"Kingambit","https://asia.pokemon-card.com/id/card-img/id00017767.png"
"Genesect ex","https://asia.pokemon-card.com/id/card-img/id00017357.png"
"Magearna","https://asia.pokemon-card.com/id/card-img/id00017358.png"
"Magearna","https://asia.pokemon-card.com/id/card-img/id00017768.png"
"Magearna","https://asia.pokemon-card.com/id/card-img/id00017769.png"
"Duraludon","https://asia.pokemon-card.com/id/card-img/id00017359.png"
"Duraludon","https://asia.pokemon-card.com/id/card-img/id00017770.png"
"Duraludon","https://asia.pokemon-card.com/id/card-img/id00017771.png"
"Archaludon ex","https://asia.pokemon-card.com/id/card-img/id00017360.png"
"Zacian &lt;Hop&gt; ex","https://asia.pokemon-card.com/id/card-img/id00017361.png"
"Dratini","https://asia.pokemon-card.com/id/card-img/id00017362.png"
"Dratini","https://asia.pokemon-card.com/id/card-img/id00017772.png"
"Dratini","https://asia.pokemon-card.com/id/card-img/id00017773.png"
"Dragonair","https://asia.pokemon-card.com/id/card-img/id00017363.png"
"Dragonair","https://asia.pokemon-card.com/id/card-img/id00017774.png"
"Dragonair","https://asia.pokemon-card.com/id/card-img/id00017775.png"
"Mega Dragonite ex","https://asia.pokemon-card.com/id/card-img/id00017364.png"
"Rayquaza","https://asia.pokemon-card.com/id/card-img/id00017365.png"
"Rayquaza","https://asia.pokemon-card.com/id/card-img/id00017776.png"
"Rayquaza","https://asia.pokemon-card.com/id/card-img/id00017777.png"
"Reshiram &lt;N&gt;","https://asia.pokemon-card.com/id/card-img/id00017366.png"
"Reshiram &lt;N&gt;","https://asia.pokemon-card.com/id/card-img/id00017778.png"
"Reshiram &lt;N&gt;","https://asia.pokemon-card.com/id/card-img/id00017779.png"
"Zekrom &lt;N&gt;","https://asia.pokemon-card.com/id/card-img/id00017367.png"
"Zekrom &lt;N&gt;","https://asia.pokemon-card.com/id/card-img/id00017780.png"
"Zekrom &lt;N&gt;","https://asia.pokemon-card.com/id/card-img/id00017781.png"
"Noibat","https://asia.pokemon-card.com/id/card-img/id00017368.png"
"Noibat","https://asia.pokemon-card.com/id/card-img/id00017782.png"
"Noibat","https://asia.pokemon-card.com/id/card-img/id00017783.png"
"Noivern","https://asia.pokemon-card.com/id/card-img/id00017369.png"
"Noivern","https://asia.pokemon-card.com/id/card-img/id00017784.png"
"Noivern","https://asia.pokemon-card.com/id/card-img/id00017785.png"
"Dreepy","https://asia.pokemon-card.com/id/card-img/id00017370.png"
"Dreepy","https://asia.pokemon-card.com/id/card-img/id00017786.png"
"Dreepy","https://asia.pokemon-card.com/id/card-img/id00017787.png"
"Drakloak","https://asia.pokemon-card.com/id/card-img/id00017371.png"
"Drakloak","https://asia.pokemon-card.com/id/card-img/id00017788.png"
"Drakloak","https://asia.pokemon-card.com/id/card-img/id00017789.png"
"Dragapult ex","https://asia.pokemon-card.com/id/card-img/id00017372.png"
"Tatsugiri","https://asia.pokemon-card.com/id/card-img/id00017373.png"
"Tatsugiri","https://asia.pokemon-card.com/id/card-img/id00017790.png"
"Tatsugiri","https://asia.pokemon-card.com/id/card-img/id00017791.png"
"Snorlax &lt;Hop&gt;","https://asia.pokemon-card.com/id/card-img/id00017374.png"
"Snorlax &lt;Hop&gt;","https://asia.pokemon-card.com/id/card-img/id00017792.png"
"Snorlax &lt;Hop&gt;","https://asia.pokemon-card.com/id/card-img/id00017793.png"
"Hoothoot","https://asia.pokemon-card.com/id/card-img/id00017375.png"
"Hoothoot","https://asia.pokemon-card.com/id/card-img/id00017794.png"
"Hoothoot","https://asia.pokemon-card.com/id/card-img/id00017795.png"
"Noctowl","https://asia.pokemon-card.com/id/card-img/id00017376.png"
"Noctowl","https://asia.pokemon-card.com/id/card-img/id00017796.png"
"Noctowl","https://asia.pokemon-card.com/id/card-img/id00017797.png"
"Rotom Kipas","https://asia.pokemon-card.com/id/card-img/id00017377.png"
"Rotom Kipas","https://asia.pokemon-card.com/id/card-img/id00017798.png"
"Rotom Kipas","https://asia.pokemon-card.com/id/card-img/id00017799.png"
"Bouffalant","https://asia.pokemon-card.com/id/card-img/id00017378.png"
"Bouffalant","https://asia.pokemon-card.com/id/card-img/id00017800.png"
"Bouffalant","https://asia.pokemon-card.com/id/card-img/id00017801.png"
"Wooloo &lt;Hop&gt;","https://asia.pokemon-card.com/id/card-img/id00017379.png"
"Wooloo &lt;Hop&gt;","https://asia.pokemon-card.com/id/card-img/id00017802.png"
"Wooloo &lt;Hop&gt;","https://asia.pokemon-card.com/id/card-img/id00017803.png"
"Dubwool &lt;Hop&gt;","https://asia.pokemon-card.com/id/card-img/id00017380.png"
"Dubwool &lt;Hop&gt;","https://asia.pokemon-card.com/id/card-img/id00017804.png"
"Dubwool &lt;Hop&gt;","https://asia.pokemon-card.com/id/card-img/id00017805.png"
"Cramorant &lt;Hop&gt;","https://asia.pokemon-card.com/id/card-img/id00017381.png"
"Cramorant &lt;Hop&gt;","https://asia.pokemon-card.com/id/card-img/id00017806.png"
"Cramorant &lt;Hop&gt;","https://asia.pokemon-card.com/id/card-img/id00017807.png"
"Terapagos","https://asia.pokemon-card.com/id/card-img/id00017382.png"
"Terapagos","https://asia.pokemon-card.com/id/card-img/id00017808.png"
"Terapagos","https://asia.pokemon-card.com/id/card-img/id00017809.png"
"Terapagos ex","https://asia.pokemon-card.com/id/card-img/id00017383.png"
"PP Up N","https://asia.pokemon-card.com/id/card-img/id00017384.png"
"Energi Recycle","https://asia.pokemon-card.com/id/card-img/id00017385.png"
"Palu Luar Biasa","https://asia.pokemon-card.com/id/card-img/id00017386.png"
"Terompet Kaca","https://asia.pokemon-card.com/id/card-img/id00017387.png"
"Abu Suci","https://asia.pokemon-card.com/id/card-img/id00017388.png"
"Tool Scrapper","https://asia.pokemon-card.com/id/card-img/id00017389.png"
"Terastal Orb","https://asia.pokemon-card.com/id/card-img/id00017390.png"
"Poffin Bersahabat","https://asia.pokemon-card.com/id/card-img/id00017391.png"
"Protein Kekuatan","https://asia.pokemon-card.com/id/card-img/id00017392.png"
"Fight Gong","https://asia.pokemon-card.com/id/card-img/id00017393.png"
"Tas Hop","https://asia.pokemon-card.com/id/card-img/id00017394.png"
"Set Penangkap Serangga","https://asia.pokemon-card.com/id/card-img/id00017395.png"
"Sinyal Mega","https://asia.pokemon-card.com/id/card-img/id00017396.png"
"Tandu Malam‌","https://asia.pokemon-card.com/id/card-img/id00017397.png"
"Alat Penerima Tim Roket","https://asia.pokemon-card.com/id/card-img/id00017398.png"
"Counter Gain","https://asia.pokemon-card.com/id/card-img/id00017399.png"
"Pemberat Kekuatan Cynthia","https://asia.pokemon-card.com/id/card-img/id00017400.png"
"Bola Listrik","https://asia.pokemon-card.com/id/card-img/id00017401.png"
"Sisik Sangat Tebal","https://asia.pokemon-card.com/id/card-img/id00017402.png"
"Balon","https://asia.pokemon-card.com/id/card-img/id00017403.png"
"Gelang Keberanian","https://asia.pokemon-card.com/id/card-img/id00017404.png"
"Ikat Kepala Pilihan Hop","https://asia.pokemon-card.com/id/card-img/id00017405.png"
"Semangat Tarung Iris","https://asia.pokemon-card.com/id/card-img/id00017406.png"
"Kejahilan Acerola","https://asia.pokemon-card.com/id/card-img/id00017407.png"
"Kanaria","https://asia.pokemon-card.com/id/card-img/id00017408.png"
"Peselancar","https://asia.pokemon-card.com/id/card-img/id00017409.png"
"Hilda","https://asia.pokemon-card.com/id/card-img/id00017410.png"
"Anthea &amp; Concordia","https://asia.pokemon-card.com/id/card-img/id00017411.png"
"Petualangan Ethan","https://asia.pokemon-card.com/id/card-img/id00017412.png"
"Ketetapan Hati Lillie","https://asia.pokemon-card.com/id/card-img/id00017413.png"
"Ariana Tim Roket","https://asia.pokemon-card.com/id/card-img/id00017414.png"
"Archer Tim Roket","https://asia.pokemon-card.com/id/card-img/id00017415.png"
"Giovanni Tim Roket","https://asia.pokemon-card.com/id/card-img/id00017416.png"
"Petrel Tim Roket","https://asia.pokemon-card.com/id/card-img/id00017417.png"
"Proton Tim Roket","https://asia.pokemon-card.com/id/card-img/id00017418.png"
"Istana N","https://asia.pokemon-card.com/id/card-img/id00017419.png"
"Hutan Vitalitas","https://asia.pokemon-card.com/id/card-img/id00017420.png"
"Gunung Gravitasi","https://asia.pokemon-card.com/id/card-img/id00017421.png"
"Gua Besar Zero","https://asia.pokemon-card.com/id/card-img/id00017422.png"
"Kota Fermentasi","https://asia.pokemon-card.com/id/card-img/id00017423.png"
"Kota Postwick","https://asia.pokemon-card.com/id/card-img/id00017424.png"
"Taman Misteri","https://asia.pokemon-card.com/id/card-img/id00017425.png"
"Tambang Saat Malam","https://asia.pokemon-card.com/id/card-img/id00017426.png"
"Menara Pemantau Tim Roket","https://asia.pokemon-card.com/id/card-img/id00017427.png"
"Pabrik Tim Roket","https://asia.pokemon-card.com/id/card-img/id00017428.png"
"Energi Penyulut","https://asia.pokemon-card.com/id/card-img/id00017429.png"
"Energi Prisma","https://asia.pokemon-card.com/id/card-img/id00017430.png"
"Energi Tim Roket","https://asia.pokemon-card.com/id/card-img/id00017431.png"
"Beautifly","https://asia.pokemon-card.com/id/card-img/id00017517.png"
"Dustox","https://asia.pokemon-card.com/id/card-img/id00017518.png"
"Budew","https://asia.pokemon-card.com/id/card-img/id00017519.png"
"Magcargo &lt;Ethan&gt;","https://asia.pokemon-card.com/id/card-img/id00017520.png"
"Numel","https://asia.pokemon-card.com/id/card-img/id00017521.png"
"Psyduck","https://asia.pokemon-card.com/id/card-img/id00017522.png"
"Snorunt","https://asia.pokemon-card.com/id/card-img/id00017523.png"
"Heliolisk","https://asia.pokemon-card.com/id/card-img/id00017524.png"
"Misdreavus","https://asia.pokemon-card.com/id/card-img/id00017525.png"
"Togekiss","https://asia.pokemon-card.com/id/card-img/id00017526.png"
"Trevenant &lt;Hop&gt;","https://asia.pokemon-card.com/id/card-img/id00017527.png"
"Mimikyu &lt;Tim Roket&gt;","https://asia.pokemon-card.com/id/card-img/id00017528.png"
"Dugtrio &lt;Tim Roket&gt;","https://asia.pokemon-card.com/id/card-img/id00017529.png"
"Medicham","https://asia.pokemon-card.com/id/card-img/id00017530.png"
"Spiritomb &lt;Cynthia&gt;","https://asia.pokemon-card.com/id/card-img/id00017531.png"
"Galarian Obstagoon","https://asia.pokemon-card.com/id/card-img/id00017532.png"
"Zekrom &lt;N&gt;","https://asia.pokemon-card.com/id/card-img/id00017533.png"
"Dreepy","https://asia.pokemon-card.com/id/card-img/id00017534.png"
"Drakloak","https://asia.pokemon-card.com/id/card-img/id00017535.png"
"Rotom Kipas","https://asia.pokemon-card.com/id/card-img/id00017536.png"
"PP Up N","https://asia.pokemon-card.com/id/card-img/id00017537.png"
"Terompet Kaca","https://asia.pokemon-card.com/id/card-img/id00017538.png"
"Bola Ultra","https://asia.pokemon-card.com/id/card-img/id00017539.png"
"Alat Penerima Tim Roket","https://asia.pokemon-card.com/id/card-img/id00017540.png"
"Counter Gain","https://asia.pokemon-card.com/id/card-img/id00017541.png"
"Kanaria","https://asia.pokemon-card.com/id/card-img/id00017542.png"
"Gemblengan Ahli Karate","https://asia.pokemon-card.com/id/card-img/id00017543.png"
"Anthea &amp; Concordia","https://asia.pokemon-card.com/id/card-img/id00017544.png"
"Menara Pengacak","https://asia.pokemon-card.com/id/card-img/id00017545.png"
"Mega Charizard X ex","https://asia.pokemon-card.com/id/card-img/id00017546.png"
"Mega Froslass ex","https://asia.pokemon-card.com/id/card-img/id00017547.png"
"Mega Eelektross ex","https://asia.pokemon-card.com/id/card-img/id00017548.png"
"Mega Gardevoir ex","https://asia.pokemon-card.com/id/card-img/id00017549.png"
"Mega Diancie ex","https://asia.pokemon-card.com/id/card-img/id00017550.png"
"Mega Lucario ex","https://asia.pokemon-card.com/id/card-img/id00017551.png"
"Mega Hawlucha ex","https://asia.pokemon-card.com/id/card-img/id00017552.png"
"Mega Gengar ex","https://asia.pokemon-card.com/id/card-img/id00017553.png"
"Mega Scrafty ex","https://asia.pokemon-card.com/id/card-img/id00017554.png"
"Mega Dragonite ex","https://asia.pokemon-card.com/id/card-img/id00017555.png"
"Mega Froslass ex","https://asia.pokemon-card.com/id/card-img/id00017556.png"
"Pikachu ex","https://asia.pokemon-card.com/id/card-img/id00017557.png"
"Mega Eelektross ex","https://asia.pokemon-card.com/id/card-img/id00017558.png"
"Bellibolt &lt;Mistika&gt; ex","https://asia.pokemon-card.com/id/card-img/id00017559.png"
"Mewtwo &lt;Tim Roket&gt; ex","https://asia.pokemon-card.com/id/card-img/id00017560.png"
"Mega Diancie ex","https://asia.pokemon-card.com/id/card-img/id00017561.png"
"Mega Hawlucha ex","https://asia.pokemon-card.com/id/card-img/id00017562.png"
"Mega Gengar ex","https://asia.pokemon-card.com/id/card-img/id00017563.png"
"Mega Scrafty ex","https://asia.pokemon-card.com/id/card-img/id00017564.png"
"Zoroark &lt;N&gt; ex","https://asia.pokemon-card.com/id/card-img/id00017565.png"
"Grimmsnarl &lt;Marnie&gt; ex","https://asia.pokemon-card.com/id/card-img/id00017566.png"
"Fezandipiti ex","https://asia.pokemon-card.com/id/card-img/id00017567.png"
"Metagross &lt;Steven&gt; ex","https://asia.pokemon-card.com/id/card-img/id00017568.png"
"Mega Dragonite ex","https://asia.pokemon-card.com/id/card-img/id00017569.png"
"Semangat Tarung Iris","https://asia.pokemon-card.com/id/card-img/id00017570.png"
"Kanaria","https://asia.pokemon-card.com/id/card-img/id00017571.png"
"Peselancar","https://asia.pokemon-card.com/id/card-img/id00017572.png"
"Mega Dragonite ex","https://asia.pokemon-card.com/id/card-img/id00017573.png"
"Oddish","https://asia.pokemon-card.com/id/card-img/id00016815.png"
"Gloom","https://asia.pokemon-card.com/id/card-img/id00016816.png"
"Vileplume","https://asia.pokemon-card.com/id/card-img/id00016817.png"
"Mega Heracross ex","https://asia.pokemon-card.com/id/card-img/id00016818.png"
"Lotad","https://asia.pokemon-card.com/id/card-img/id00016819.png"
"Lombre","https://asia.pokemon-card.com/id/card-img/id00016820.png"
"Ludicolo","https://asia.pokemon-card.com/id/card-img/id00016821.png"
"Genesect","https://asia.pokemon-card.com/id/card-img/id00016822.png"
"Nymble","https://asia.pokemon-card.com/id/card-img/id00016823.png"
"Lokix","https://asia.pokemon-card.com/id/card-img/id00016824.png"
"Charmander","https://asia.pokemon-card.com/id/card-img/id00016825.png"
"Charmeleon","https://asia.pokemon-card.com/id/card-img/id00016826.png"
"Mega Charizard X ex","https://asia.pokemon-card.com/id/card-img/id00016827.png"
"Moltres","https://asia.pokemon-card.com/id/card-img/id00016828.png"
"Darumaka","https://asia.pokemon-card.com/id/card-img/id00016829.png"
"Darmanitan","https://asia.pokemon-card.com/id/card-img/id00016830.png"
"Reshiram","https://asia.pokemon-card.com/id/card-img/id00016831.png"
"Oricorio ex","https://asia.pokemon-card.com/id/card-img/id00016832.png"
"Charcadet","https://asia.pokemon-card.com/id/card-img/id00016833.png"
"Ceruledge","https://asia.pokemon-card.com/id/card-img/id00016834.png"
"Seel","https://asia.pokemon-card.com/id/card-img/id00016835.png"
"Dewgong","https://asia.pokemon-card.com/id/card-img/id00016836.png"
"Swinub","https://asia.pokemon-card.com/id/card-img/id00016837.png"
"Piloswine","https://asia.pokemon-card.com/id/card-img/id00016838.png"
"Mamoswine","https://asia.pokemon-card.com/id/card-img/id00016839.png"
"Suicune","https://asia.pokemon-card.com/id/card-img/id00016840.png"
"Piplup","https://asia.pokemon-card.com/id/card-img/id00016841.png"
"Prinplup","https://asia.pokemon-card.com/id/card-img/id00016842.png"
"Rotom ex","https://asia.pokemon-card.com/id/card-img/id00016843.png"
"Yamper","https://asia.pokemon-card.com/id/card-img/id00016844.png"
"Boltund","https://asia.pokemon-card.com/id/card-img/id00016845.png"
"Pawmi","https://asia.pokemon-card.com/id/card-img/id00016846.png"
"Pawmo","https://asia.pokemon-card.com/id/card-img/id00016847.png"
"Pawmot","https://asia.pokemon-card.com/id/card-img/id00016848.png"
"Misdreavus","https://asia.pokemon-card.com/id/card-img/id00016849.png"
"Mismagius ex","https://asia.pokemon-card.com/id/card-img/id00016850.png"
"Snubbull","https://asia.pokemon-card.com/id/card-img/id00016851.png"
"Granbull","https://asia.pokemon-card.com/id/card-img/id00016852.png"
"Cresselia","https://asia.pokemon-card.com/id/card-img/id00016853.png"
"Cottonee","https://asia.pokemon-card.com/id/card-img/id00016854.png"
"Whimsicott","https://asia.pokemon-card.com/id/card-img/id00016855.png"
"Meloetta","https://asia.pokemon-card.com/id/card-img/id00016856.png"
"Mega Diancie ex","https://asia.pokemon-card.com/id/card-img/id00016857.png"
"Mimikyu","https://asia.pokemon-card.com/id/card-img/id00016858.png"
"Milcery","https://asia.pokemon-card.com/id/card-img/id00016859.png"
"Alcremie","https://asia.pokemon-card.com/id/card-img/id00016860.png"
"Zacian","https://asia.pokemon-card.com/id/card-img/id00016861.png"
"Bramblin","https://asia.pokemon-card.com/id/card-img/id00016862.png"
"Brambleghast","https://asia.pokemon-card.com/id/card-img/id00016863.png"
"Paldean Tauros","https://asia.pokemon-card.com/id/card-img/id00016864.png"
"Gligar","https://asia.pokemon-card.com/id/card-img/id00016865.png"
"Gliscor","https://asia.pokemon-card.com/id/card-img/id00016866.png"
"Trapinch","https://asia.pokemon-card.com/id/card-img/id00016867.png"
"Vibrava","https://asia.pokemon-card.com/id/card-img/id00016868.png"
"Flygon","https://asia.pokemon-card.com/id/card-img/id00016869.png"
"Gastly","https://asia.pokemon-card.com/id/card-img/id00016870.png"
"Haunter","https://asia.pokemon-card.com/id/card-img/id00016871.png"
"Mega Gengar ex","https://asia.pokemon-card.com/id/card-img/id00016872.png"
"Murkrow","https://asia.pokemon-card.com/id/card-img/id00016873.png"
"Honchkrow","https://asia.pokemon-card.com/id/card-img/id00016874.png"
"Sneasel","https://asia.pokemon-card.com/id/card-img/id00016875.png"
"Weavile","https://asia.pokemon-card.com/id/card-img/id00016876.png"
"Sableye","https://asia.pokemon-card.com/id/card-img/id00016877.png"
"Carvanha","https://asia.pokemon-card.com/id/card-img/id00016878.png"
"Mega Sharpedo ex","https://asia.pokemon-card.com/id/card-img/id00016879.png"
"Seviper","https://asia.pokemon-card.com/id/card-img/id00016880.png"
"Absol","https://asia.pokemon-card.com/id/card-img/id00016881.png"
"Sandile","https://asia.pokemon-card.com/id/card-img/id00016882.png"
"Krokorok","https://asia.pokemon-card.com/id/card-img/id00016883.png"
"Krookodile","https://asia.pokemon-card.com/id/card-img/id00016884.png"
"Toxel","https://asia.pokemon-card.com/id/card-img/id00016885.png"
"Toxtricity","https://asia.pokemon-card.com/id/card-img/id00016886.png"
"Eternatus","https://asia.pokemon-card.com/id/card-img/id00016887.png"
"Empoleon ex","https://asia.pokemon-card.com/id/card-img/id00016888.png"
"Bronzor","https://asia.pokemon-card.com/id/card-img/id00016889.png"
"Bronzong","https://asia.pokemon-card.com/id/card-img/id00016890.png"
"Togedemaru","https://asia.pokemon-card.com/id/card-img/id00016891.png"
"Duraludon","https://asia.pokemon-card.com/id/card-img/id00016892.png"
"Archaludon","https://asia.pokemon-card.com/id/card-img/id00016893.png"
"Jigglypuff","https://asia.pokemon-card.com/id/card-img/id00016894.png"
"Wigglytuff","https://asia.pokemon-card.com/id/card-img/id00016895.png"
"Aipom","https://asia.pokemon-card.com/id/card-img/id00016896.png"
"Ambipom","https://asia.pokemon-card.com/id/card-img/id00016897.png"
"Smeargle","https://asia.pokemon-card.com/id/card-img/id00016898.png"
"Zigzagoon","https://asia.pokemon-card.com/id/card-img/id00016899.png"
"Linoone","https://asia.pokemon-card.com/id/card-img/id00016900.png"
"Buneary","https://asia.pokemon-card.com/id/card-img/id00016901.png"
"Mega Lopunny ex","https://asia.pokemon-card.com/id/card-img/id00016902.png"
"Pengalih Energi","https://asia.pokemon-card.com/id/card-img/id00016903.png"
"Es Krim Jumbo","https://asia.pokemon-card.com/id/card-img/id00016904.png"
"Bola Ultra","https://asia.pokemon-card.com/id/card-img/id00016905.png"
"Heat Burner","https://asia.pokemon-card.com/id/card-img/id00016906.png"
"Permen Langka","https://asia.pokemon-card.com/id/card-img/id00016907.png"
"Tukar Pokémon","https://asia.pokemon-card.com/id/card-img/id00016908.png"
"Wonder Patch","https://asia.pokemon-card.com/id/card-img/id00016909.png"
"Jimat Suci","https://asia.pokemon-card.com/id/card-img/id00016910.png"
"Helm Punk","https://asia.pokemon-card.com/id/card-img/id00016911.png"
"Satu Langkah Grimsley","https://asia.pokemon-card.com/id/card-img/id00016912.png"
"Dawn","https://asia.pokemon-card.com/id/card-img/id00016913.png"
"Lelaki Peniup Api","https://asia.pokemon-card.com/id/card-img/id00016914.png"
"Perintah Bos(Ghetsis)","https://asia.pokemon-card.com/id/card-img/id00016915.png"
"Kolosium Pertarungan","https://asia.pokemon-card.com/id/card-img/id00016916.png"
"Lembah Vertigo","https://asia.pokemon-card.com/id/card-img/id00016917.png"
"Ludicolo","https://asia.pokemon-card.com/id/card-img/id00016918.png"
"Nymble","https://asia.pokemon-card.com/id/card-img/id00016919.png"
"Charcadet","https://asia.pokemon-card.com/id/card-img/id00016920.png"
"Dewgong","https://asia.pokemon-card.com/id/card-img/id00016921.png"
"Piplup","https://asia.pokemon-card.com/id/card-img/id00016922.png"
"Yamper","https://asia.pokemon-card.com/id/card-img/id00016923.png"
"Meloetta","https://asia.pokemon-card.com/id/card-img/id00016924.png"
"Zacian","https://asia.pokemon-card.com/id/card-img/id00016925.png"
"Flygon","https://asia.pokemon-card.com/id/card-img/id00016926.png"
"Haunter","https://asia.pokemon-card.com/id/card-img/id00016927.png"
"Paldean Wooper","https://asia.pokemon-card.com/id/card-img/id00016928.png"
"Toxtricity","https://asia.pokemon-card.com/id/card-img/id00016929.png"
"Togedemaru","https://asia.pokemon-card.com/id/card-img/id00016930.png"
"Wigglytuff","https://asia.pokemon-card.com/id/card-img/id00016931.png"
"Meowth","https://asia.pokemon-card.com/id/card-img/id00016932.png"
"Ambipom","https://asia.pokemon-card.com/id/card-img/id00016933.png"
"Mega Heracross ex","https://asia.pokemon-card.com/id/card-img/id00016934.png"
"Mega Charizard X ex","https://asia.pokemon-card.com/id/card-img/id00016935.png"
"Oricorio ex","https://asia.pokemon-card.com/id/card-img/id00016936.png"
"Rotom ex","https://asia.pokemon-card.com/id/card-img/id00016937.png"
"Mismagius ex","https://asia.pokemon-card.com/id/card-img/id00016938.png"
"Mega Sharpedo ex","https://asia.pokemon-card.com/id/card-img/id00016939.png"
"Empoleon ex","https://asia.pokemon-card.com/id/card-img/id00016940.png"
"Mega Lopunny ex","https://asia.pokemon-card.com/id/card-img/id00016941.png"
"Heat Burner","https://asia.pokemon-card.com/id/card-img/id00016942.png"
"Tukar Pokémon","https://asia.pokemon-card.com/id/card-img/id00016943.png"
"Jimat Suci","https://asia.pokemon-card.com/id/card-img/id00016944.png"
"Helm Punk","https://asia.pokemon-card.com/id/card-img/id00016945.png"
"Satu Langkah Grimsley","https://asia.pokemon-card.com/id/card-img/id00016946.png"
"Dawn","https://asia.pokemon-card.com/id/card-img/id00016947.png"
"Lelaki Peniup Api","https://asia.pokemon-card.com/id/card-img/id00016948.png"
"Kolosium Pertarungan","https://asia.pokemon-card.com/id/card-img/id00016949.png"
"Energi Penyulut","https://asia.pokemon-card.com/id/card-img/id00016950.png"
"Mega Charizard X ex","https://asia.pokemon-card.com/id/card-img/id00016951.png"
"Oricorio ex","https://asia.pokemon-card.com/id/card-img/id00016952.png"
"Rotom ex","https://asia.pokemon-card.com/id/card-img/id00016953.png"
"Mega Sharpedo ex","https://asia.pokemon-card.com/id/card-img/id00016954.png"
"Mega Lopunny ex","https://asia.pokemon-card.com/id/card-img/id00016955.png"
"Dawn","https://asia.pokemon-card.com/id/card-img/id00016956.png"
"Mega Charizard X ex","https://asia.pokemon-card.com/id/card-img/id00016957.png"
"Bulbasaur","https://asia.pokemon-card.com/id/card-img/id00016488.png"
"Ivysaur","https://asia.pokemon-card.com/id/card-img/id00016489.png"
"Mega Venusaur ex","https://asia.pokemon-card.com/id/card-img/id00016490.png"
"Exeggcute","https://asia.pokemon-card.com/id/card-img/id00016491.png"
"Exeggutor","https://asia.pokemon-card.com/id/card-img/id00016492.png"
"Tangela","https://asia.pokemon-card.com/id/card-img/id00016493.png"
"Tangrowth","https://asia.pokemon-card.com/id/card-img/id00016494.png"
"Chikorita","https://asia.pokemon-card.com/id/card-img/id00016495.png"
"Bayleef","https://asia.pokemon-card.com/id/card-img/id00016496.png"
"Meganium","https://asia.pokemon-card.com/id/card-img/id00016497.png"
"Shuckle","https://asia.pokemon-card.com/id/card-img/id00016498.png"
"Celebi","https://asia.pokemon-card.com/id/card-img/id00016499.png"
"Seedot","https://asia.pokemon-card.com/id/card-img/id00016500.png"
"Nuzleaf","https://asia.pokemon-card.com/id/card-img/id00016501.png"
"Shiftry","https://asia.pokemon-card.com/id/card-img/id00016502.png"
"Nincada","https://asia.pokemon-card.com/id/card-img/id00016503.png"
"Ninjask","https://asia.pokemon-card.com/id/card-img/id00016504.png"
"Dhelmise","https://asia.pokemon-card.com/id/card-img/id00016505.png"
"Vulpix","https://asia.pokemon-card.com/id/card-img/id00016506.png"
"Ninetales","https://asia.pokemon-card.com/id/card-img/id00016507.png"
"Numel","https://asia.pokemon-card.com/id/card-img/id00016508.png"
"Mega Camerupt ex","https://asia.pokemon-card.com/id/card-img/id00016509.png"
"Litleo","https://asia.pokemon-card.com/id/card-img/id00016510.png"
"Pyroar","https://asia.pokemon-card.com/id/card-img/id00016511.png"
"Volcanion","https://asia.pokemon-card.com/id/card-img/id00016512.png"
"Scorbunny","https://asia.pokemon-card.com/id/card-img/id00016513.png"
"Raboot","https://asia.pokemon-card.com/id/card-img/id00016514.png"
"Cinderace","https://asia.pokemon-card.com/id/card-img/id00016515.png"
"Sizzlipede","https://asia.pokemon-card.com/id/card-img/id00016516.png"
"Centiskorch","https://asia.pokemon-card.com/id/card-img/id00016517.png"
"Chi-Yu","https://asia.pokemon-card.com/id/card-img/id00016518.png"
"Mantine","https://asia.pokemon-card.com/id/card-img/id00016519.png"
"Corphish","https://asia.pokemon-card.com/id/card-img/id00016520.png"
"Kyogre","https://asia.pokemon-card.com/id/card-img/id00016521.png"
"Snover","https://asia.pokemon-card.com/id/card-img/id00016522.png"
"Mega Abomasnow ex","https://asia.pokemon-card.com/id/card-img/id00016523.png"
"Clauncher","https://asia.pokemon-card.com/id/card-img/id00016524.png"
"Clawitzer","https://asia.pokemon-card.com/id/card-img/id00016525.png"
"Sobble","https://asia.pokemon-card.com/id/card-img/id00016526.png"
"Drizzile","https://asia.pokemon-card.com/id/card-img/id00016527.png"
"Inteleon","https://asia.pokemon-card.com/id/card-img/id00016528.png"
"Snom","https://asia.pokemon-card.com/id/card-img/id00016529.png"
"Frosmoth","https://asia.pokemon-card.com/id/card-img/id00016530.png"
"Eiscue","https://asia.pokemon-card.com/id/card-img/id00016531.png"
"Magnemite","https://asia.pokemon-card.com/id/card-img/id00016532.png"
"Magneton","https://asia.pokemon-card.com/id/card-img/id00016533.png"
"Magnezone","https://asia.pokemon-card.com/id/card-img/id00016534.png"
"Raikou","https://asia.pokemon-card.com/id/card-img/id00016535.png"
"Electrike","https://asia.pokemon-card.com/id/card-img/id00016536.png"
"Mega Manectric ex","https://asia.pokemon-card.com/id/card-img/id00016537.png"
"Pachirisu","https://asia.pokemon-card.com/id/card-img/id00016538.png"
"Helioptile","https://asia.pokemon-card.com/id/card-img/id00016539.png"
"Heliolisk","https://asia.pokemon-card.com/id/card-img/id00016540.png"
"Abra","https://asia.pokemon-card.com/id/card-img/id00016541.png"
"Kadabra","https://asia.pokemon-card.com/id/card-img/id00016542.png"
"Alakazam","https://asia.pokemon-card.com/id/card-img/id00016543.png"
"Jynx","https://asia.pokemon-card.com/id/card-img/id00016544.png"
"Ralts","https://asia.pokemon-card.com/id/card-img/id00016545.png"
"Kirlia","https://asia.pokemon-card.com/id/card-img/id00016546.png"
"Mega Gardevoir ex","https://asia.pokemon-card.com/id/card-img/id00016547.png"
"Shedinja","https://asia.pokemon-card.com/id/card-img/id00016548.png"
"Spoink","https://asia.pokemon-card.com/id/card-img/id00016549.png"
"Grumpig","https://asia.pokemon-card.com/id/card-img/id00016550.png"
"Xerneas","https://asia.pokemon-card.com/id/card-img/id00016551.png"
"Greavard","https://asia.pokemon-card.com/id/card-img/id00016552.png"
"Houndstone","https://asia.pokemon-card.com/id/card-img/id00016553.png"
"Gimmighoul","https://asia.pokemon-card.com/id/card-img/id00016554.png"
"Sandshrew","https://asia.pokemon-card.com/id/card-img/id00016555.png"
"Sandslash","https://asia.pokemon-card.com/id/card-img/id00016556.png"
"Onix","https://asia.pokemon-card.com/id/card-img/id00016557.png"
"Tyrogue","https://asia.pokemon-card.com/id/card-img/id00016558.png"
"Makuhita","https://asia.pokemon-card.com/id/card-img/id00016559.png"
"Hariyama","https://asia.pokemon-card.com/id/card-img/id00016560.png"
"Lunatone","https://asia.pokemon-card.com/id/card-img/id00016561.png"
"Solrock","https://asia.pokemon-card.com/id/card-img/id00016562.png"
"Riolu","https://asia.pokemon-card.com/id/card-img/id00016563.png"
"Mega Lucario ex","https://asia.pokemon-card.com/id/card-img/id00016564.png"
"Croagunk","https://asia.pokemon-card.com/id/card-img/id00016565.png"
"Toxicroak","https://asia.pokemon-card.com/id/card-img/id00016566.png"
"Marshadow","https://asia.pokemon-card.com/id/card-img/id00016567.png"
"Stonjourner","https://asia.pokemon-card.com/id/card-img/id00016568.png"
"Nacli","https://asia.pokemon-card.com/id/card-img/id00016569.png"
"Naclstack","https://asia.pokemon-card.com/id/card-img/id00016570.png"
"Garganacl","https://asia.pokemon-card.com/id/card-img/id00016571.png"
"Crawdaunt","https://asia.pokemon-card.com/id/card-img/id00016572.png"
"Mega Absol ex","https://asia.pokemon-card.com/id/card-img/id00016573.png"
"Spiritomb","https://asia.pokemon-card.com/id/card-img/id00016574.png"
"Yveltal","https://asia.pokemon-card.com/id/card-img/id00016575.png"
"Nickit","https://asia.pokemon-card.com/id/card-img/id00016576.png"
"Thievul","https://asia.pokemon-card.com/id/card-img/id00016577.png"
"Shroodle","https://asia.pokemon-card.com/id/card-img/id00016578.png"
"Grafaiai","https://asia.pokemon-card.com/id/card-img/id00016579.png"
"Steelix","https://asia.pokemon-card.com/id/card-img/id00016580.png"
"Mega Mawile ex","https://asia.pokemon-card.com/id/card-img/id00016581.png"
"Dialga","https://asia.pokemon-card.com/id/card-img/id00016582.png"
"Tinkatink","https://asia.pokemon-card.com/id/card-img/id00016583.png"
"Tinkatuff","https://asia.pokemon-card.com/id/card-img/id00016584.png"
"Tinkaton","https://asia.pokemon-card.com/id/card-img/id00016585.png"
"Gholdengo","https://asia.pokemon-card.com/id/card-img/id00016586.png"
"Mega Latias ex","https://asia.pokemon-card.com/id/card-img/id00016587.png"
"Latios","https://asia.pokemon-card.com/id/card-img/id00016588.png"
"Spearow","https://asia.pokemon-card.com/id/card-img/id00016589.png"
"Fearow","https://asia.pokemon-card.com/id/card-img/id00016590.png"
"Mega Kangaskhan ex","https://asia.pokemon-card.com/id/card-img/id00016591.png"
"Delibird","https://asia.pokemon-card.com/id/card-img/id00016592.png"
"Miltank","https://asia.pokemon-card.com/id/card-img/id00016593.png"
"Buneary","https://asia.pokemon-card.com/id/card-img/id00016594.png"
"Lopunny","https://asia.pokemon-card.com/id/card-img/id00016595.png"
"Yungoos","https://asia.pokemon-card.com/id/card-img/id00016596.png"
"Gumshoos","https://asia.pokemon-card.com/id/card-img/id00016597.png"
"Stufful","https://asia.pokemon-card.com/id/card-img/id00016598.png"
"Bewear","https://asia.pokemon-card.com/id/card-img/id00016599.png"
"Iron Defender","https://asia.pokemon-card.com/id/card-img/id00016600.png"
"Jam Mencurigakan","https://asia.pokemon-card.com/id/card-img/id00016601.png"
"Protein Kekuatan","https://asia.pokemon-card.com/id/card-img/id00016602.png"
"Fight Gong","https://asia.pokemon-card.com/id/card-img/id00016603.png"
"Semprotan Anti Serangga","https://asia.pokemon-card.com/id/card-img/id00016604.png"
"Sinyal Mega","https://asia.pokemon-card.com/id/card-img/id00016605.png"
"Kejahilan Acerola","https://asia.pokemon-card.com/id/card-img/id00016606.png"
"Transaksi Letnan Surge","https://asia.pokemon-card.com/id/card-img/id00016607.png"
"Kepedulian Wally","https://asia.pokemon-card.com/id/card-img/id00016608.png"
"Ketetapan Hati Lillie","https://asia.pokemon-card.com/id/card-img/id00016609.png"
"Reruntuhan Berbahaya","https://asia.pokemon-card.com/id/card-img/id00016610.png"
"Hutan Vitalitas","https://asia.pokemon-card.com/id/card-img/id00016611.png"
"Pantai Berselancar","https://asia.pokemon-card.com/id/card-img/id00016612.png"
"Taman Misteri","https://asia.pokemon-card.com/id/card-img/id00016613.png"
"Bulbasaur","https://asia.pokemon-card.com/id/card-img/id00016638.png"
"Ivysaur","https://asia.pokemon-card.com/id/card-img/id00016639.png"
"Exeggutor","https://asia.pokemon-card.com/id/card-img/id00016640.png"
"Shuckle","https://asia.pokemon-card.com/id/card-img/id00016641.png"
"Ninjask","https://asia.pokemon-card.com/id/card-img/id00016642.png"
"Vulpix","https://asia.pokemon-card.com/id/card-img/id00016643.png"
"Litleo","https://asia.pokemon-card.com/id/card-img/id00016644.png"
"Snover","https://asia.pokemon-card.com/id/card-img/id00016645.png"
"Clawitzer","https://asia.pokemon-card.com/id/card-img/id00016646.png"
"Inteleon","https://asia.pokemon-card.com/id/card-img/id00016647.png"
"Helioptile","https://asia.pokemon-card.com/id/card-img/id00016648.png"
"Alakazam","https://asia.pokemon-card.com/id/card-img/id00016649.png"
"Shedinja","https://asia.pokemon-card.com/id/card-img/id00016650.png"
"Houndstone","https://asia.pokemon-card.com/id/card-img/id00016651.png"
"Riolu","https://asia.pokemon-card.com/id/card-img/id00016652.png"
"Marshadow","https://asia.pokemon-card.com/id/card-img/id00016653.png"
"Garganacl","https://asia.pokemon-card.com/id/card-img/id00016654.png"
"Spiritomb","https://asia.pokemon-card.com/id/card-img/id00016655.png"
"Shroodle","https://asia.pokemon-card.com/id/card-img/id00016656.png"
"Steelix","https://asia.pokemon-card.com/id/card-img/id00016657.png"
"Spearow","https://asia.pokemon-card.com/id/card-img/id00016658.png"
"Delibird","https://asia.pokemon-card.com/id/card-img/id00016659.png"
"Gumshoos","https://asia.pokemon-card.com/id/card-img/id00016660.png"
"Stufful","https://asia.pokemon-card.com/id/card-img/id00016661.png"
"Mega Venusaur ex","https://asia.pokemon-card.com/id/card-img/id00016662.png"
"Mega Camerupt ex","https://asia.pokemon-card.com/id/card-img/id00016663.png"
"Mega Abomasnow ex","https://asia.pokemon-card.com/id/card-img/id00016664.png"
"Mega Manectric ex","https://asia.pokemon-card.com/id/card-img/id00016665.png"
"Mega Gardevoir ex","https://asia.pokemon-card.com/id/card-img/id00016666.png"
"Mega Lucario ex","https://asia.pokemon-card.com/id/card-img/id00016667.png"
"Mega Absol ex","https://asia.pokemon-card.com/id/card-img/id00016668.png"
"Mega Mawile ex","https://asia.pokemon-card.com/id/card-img/id00016669.png"
"Mega Latias ex","https://asia.pokemon-card.com/id/card-img/id00016670.png"
"Mega Kangaskhan ex","https://asia.pokemon-card.com/id/card-img/id00016671.png"
"Poffin Bersahabat","https://asia.pokemon-card.com/id/card-img/id00016672.png"
"Protein Kekuatan","https://asia.pokemon-card.com/id/card-img/id00016673.png"
"Fight Gong","https://asia.pokemon-card.com/id/card-img/id00016674.png"
"Permen Langka","https://asia.pokemon-card.com/id/card-img/id00016675.png"
"Sinyal Mega","https://asia.pokemon-card.com/id/card-img/id00016676.png"
"Tandu Malam‌","https://asia.pokemon-card.com/id/card-img/id00016677.png"
"Balon","https://asia.pokemon-card.com/id/card-img/id00016678.png"
"Kejahilan Acerola","https://asia.pokemon-card.com/id/card-img/id00016679.png"
"Transaksi Letnan Surge","https://asia.pokemon-card.com/id/card-img/id00016680.png"
"Kepedulian Wally","https://asia.pokemon-card.com/id/card-img/id00016681.png"
"Ketetapan Hati Lillie","https://asia.pokemon-card.com/id/card-img/id00016682.png"
"Taman Misteri","https://asia.pokemon-card.com/id/card-img/id00016683.png"
"Mega Venusaur ex","https://asia.pokemon-card.com/id/card-img/id00016684.png"
"Mega Gardevoir ex","https://asia.pokemon-card.com/id/card-img/id00016685.png"
"Mega Lucario ex","https://asia.pokemon-card.com/id/card-img/id00016686.png"
"Mega Absol ex","https://asia.pokemon-card.com/id/card-img/id00016687.png"
"Mega Latias ex","https://asia.pokemon-card.com/id/card-img/id00016688.png"
"Mega Kangaskhan ex","https://asia.pokemon-card.com/id/card-img/id00016689.png"
"Kejahilan Acerola","https://asia.pokemon-card.com/id/card-img/id00016690.png"
"Transaksi Letnan Surge","https://asia.pokemon-card.com/id/card-img/id00016691.png"
"Kepedulian Wally","https://asia.pokemon-card.com/id/card-img/id00016692.png"
"Ketetapan Hati Lillie","https://asia.pokemon-card.com/id/card-img/id00016693.png"
"Mega Gardevoir ex","https://asia.pokemon-card.com/id/card-img/id00016696.png"
"Mega Lucario ex","https://asia.pokemon-card.com/id/card-img/id00016697.png"
"Bulbasaur","https://asia.pokemon-card.com/id/card-img/id00016614.png"
"Ivysaur","https://asia.pokemon-card.com/id/card-img/id00016615.png"
"Celebi","https://asia.pokemon-card.com/id/card-img/id00016616.png"
"Abra","https://asia.pokemon-card.com/id/card-img/id00016617.png"
"Ralts","https://asia.pokemon-card.com/id/card-img/id00016618.png"
"Kirlia","https://asia.pokemon-card.com/id/card-img/id00016619.png"
"Makuhita","https://asia.pokemon-card.com/id/card-img/id00016620.png"
"Riolu","https://asia.pokemon-card.com/id/card-img/id00016621.png"
"Marshadow","https://asia.pokemon-card.com/id/card-img/id00016622.png"
"Chikorita","https://asia.pokemon-card.com/id/card-img/id00016623.png"
"Scorbunny","https://asia.pokemon-card.com/id/card-img/id00016624.png"
"Sobble","https://asia.pokemon-card.com/id/card-img/id00016625.png"
"Chikorita","https://asia.pokemon-card.com/id/card-img/id00016626.png"
"Lapras ex","https://asia.pokemon-card.com/id/card-img/id00016627.png"
"Mew ex","https://asia.pokemon-card.com/id/card-img/id00016628.png"
"Makuhita","https://asia.pokemon-card.com/id/card-img/id00016629.png"
"Squawkabilly ex","https://asia.pokemon-card.com/id/card-img/id00016630.png"
"Sekop Pelubang","https://asia.pokemon-card.com/id/card-img/id00016631.png"
"Wadah Daratan","https://asia.pokemon-card.com/id/card-img/id00016632.png"
"Poffin Bersahabat","https://asia.pokemon-card.com/id/card-img/id00016633.png"
"Fight Gong","https://asia.pokemon-card.com/id/card-img/id00016634.png"
"Set Penangkap Serangga","https://asia.pokemon-card.com/id/card-img/id00016635.png"
"Ketetapan Hati Lillie","https://asia.pokemon-card.com/id/card-img/id00016636.png"
"Taman Misteri","https://asia.pokemon-card.com/id/card-img/id00016637.png"
"Charmeleon","https://asia.pokemon-card.com/id/card-img/id00016801.png"
"Rotom ex","https://asia.pokemon-card.com/id/card-img/id00016802.png"
"Mismagius ex","https://asia.pokemon-card.com/id/card-img/id00016803.png"
"Munkidori","https://asia.pokemon-card.com/id/card-img/id00016804.png"
"Seviper","https://asia.pokemon-card.com/id/card-img/id00016805.png"
"Krookodile ex","https://asia.pokemon-card.com/id/card-img/id00016806.png"
"Toxel","https://asia.pokemon-card.com/id/card-img/id00016807.png"
"Wonder Patch","https://asia.pokemon-card.com/id/card-img/id00016808.png"
"Asuransi Kemalangan","https://asia.pokemon-card.com/id/card-img/id00016809.png"
"Satu Langkah Grimsley","https://asia.pokemon-card.com/id/card-img/id00016810.png"
"Lelaki Peniup Api","https://asia.pokemon-card.com/id/card-img/id00016811.png"
"Kolosium Pertarungan","https://asia.pokemon-card.com/id/card-img/id00016812.png"
"Ceruledge","https://asia.pokemon-card.com/id/card-img/id00016813.png"
"Toxtricity","https://asia.pokemon-card.com/id/card-img/id00016814.png"
"Snivy","https://asia.pokemon-card.com/id/card-img/id00016140.png"
"Servine","https://asia.pokemon-card.com/id/card-img/id00016141.png"
"Serperior ex","https://asia.pokemon-card.com/id/card-img/id00016142.png"
"Pansage","https://asia.pokemon-card.com/id/card-img/id00016143.png"
"Simisage","https://asia.pokemon-card.com/id/card-img/id00016144.png"
"Sewaddle","https://asia.pokemon-card.com/id/card-img/id00016145.png"
"Swadloon","https://asia.pokemon-card.com/id/card-img/id00016146.png"
"Leavanny","https://asia.pokemon-card.com/id/card-img/id00016147.png"
"Cottonee","https://asia.pokemon-card.com/id/card-img/id00016148.png"
"Whimsicott ex","https://asia.pokemon-card.com/id/card-img/id00016149.png"
"Petilil","https://asia.pokemon-card.com/id/card-img/id00016150.png"
"Lilligant","https://asia.pokemon-card.com/id/card-img/id00016151.png"
"Maractus","https://asia.pokemon-card.com/id/card-img/id00016152.png"
"Deerling","https://asia.pokemon-card.com/id/card-img/id00016153.png"
"Sawsbuck","https://asia.pokemon-card.com/id/card-img/id00016154.png"
"Karrablast","https://asia.pokemon-card.com/id/card-img/id00016155.png"
"Foongus","https://asia.pokemon-card.com/id/card-img/id00016156.png"
"Amoonguss","https://asia.pokemon-card.com/id/card-img/id00016157.png"
"Shelmet","https://asia.pokemon-card.com/id/card-img/id00016158.png"
"Accelgor","https://asia.pokemon-card.com/id/card-img/id00016159.png"
"Virizion","https://asia.pokemon-card.com/id/card-img/id00016160.png"
"Victini","https://asia.pokemon-card.com/id/card-img/id00016161.png"
"Tepig","https://asia.pokemon-card.com/id/card-img/id00016162.png"
"Pignite","https://asia.pokemon-card.com/id/card-img/id00016163.png"
"Emboar","https://asia.pokemon-card.com/id/card-img/id00016164.png"
"Pansear","https://asia.pokemon-card.com/id/card-img/id00016165.png"
"Simisear","https://asia.pokemon-card.com/id/card-img/id00016166.png"
"Darumaka","https://asia.pokemon-card.com/id/card-img/id00016167.png"
"Darmanitan","https://asia.pokemon-card.com/id/card-img/id00016168.png"
"Litwick","https://asia.pokemon-card.com/id/card-img/id00016169.png"
"Lampent","https://asia.pokemon-card.com/id/card-img/id00016170.png"
"Chandelure","https://asia.pokemon-card.com/id/card-img/id00016171.png"
"Heatmor","https://asia.pokemon-card.com/id/card-img/id00016172.png"
"Larvesta","https://asia.pokemon-card.com/id/card-img/id00016173.png"
"Volcarona","https://asia.pokemon-card.com/id/card-img/id00016174.png"
"Reshiram ex","https://asia.pokemon-card.com/id/card-img/id00016175.png"
"Oshawott","https://asia.pokemon-card.com/id/card-img/id00016176.png"
"Dewott","https://asia.pokemon-card.com/id/card-img/id00016177.png"
"Samurott","https://asia.pokemon-card.com/id/card-img/id00016178.png"
"Panpour","https://asia.pokemon-card.com/id/card-img/id00016179.png"
"Simipour","https://asia.pokemon-card.com/id/card-img/id00016180.png"
"Tympole","https://asia.pokemon-card.com/id/card-img/id00016181.png"
"Palpitoad","https://asia.pokemon-card.com/id/card-img/id00016182.png"
"Seismitoad","https://asia.pokemon-card.com/id/card-img/id00016183.png"
"Basculin","https://asia.pokemon-card.com/id/card-img/id00016184.png"
"Tirtouga","https://asia.pokemon-card.com/id/card-img/id00016185.png"
"Carracosta","https://asia.pokemon-card.com/id/card-img/id00016186.png"
"Ducklett","https://asia.pokemon-card.com/id/card-img/id00016187.png"
"Swanna","https://asia.pokemon-card.com/id/card-img/id00016188.png"
"Vanillite","https://asia.pokemon-card.com/id/card-img/id00016189.png"
"Vanillish","https://asia.pokemon-card.com/id/card-img/id00016190.png"
"Vanilluxe","https://asia.pokemon-card.com/id/card-img/id00016191.png"
"Alomomola","https://asia.pokemon-card.com/id/card-img/id00016192.png"
"Cubchoo","https://asia.pokemon-card.com/id/card-img/id00016193.png"
"Beartic","https://asia.pokemon-card.com/id/card-img/id00016194.png"
"Cryogonal","https://asia.pokemon-card.com/id/card-img/id00016195.png"
"Kyurem ex","https://asia.pokemon-card.com/id/card-img/id00016196.png"
"Keldeo ex","https://asia.pokemon-card.com/id/card-img/id00016197.png"
"Blitzle","https://asia.pokemon-card.com/id/card-img/id00016198.png"
"Zebstrika","https://asia.pokemon-card.com/id/card-img/id00016199.png"
"Emolga","https://asia.pokemon-card.com/id/card-img/id00016200.png"
"Joltik","https://asia.pokemon-card.com/id/card-img/id00016201.png"
"Galvantula","https://asia.pokemon-card.com/id/card-img/id00016202.png"
"Tynamo","https://asia.pokemon-card.com/id/card-img/id00016203.png"
"Eelektrik","https://asia.pokemon-card.com/id/card-img/id00016204.png"
"Eelektross","https://asia.pokemon-card.com/id/card-img/id00016205.png"
"Stunfisk","https://asia.pokemon-card.com/id/card-img/id00016206.png"
"Thundurus","https://asia.pokemon-card.com/id/card-img/id00016207.png"
"Zekrom ex","https://asia.pokemon-card.com/id/card-img/id00016208.png"
"Munna","https://asia.pokemon-card.com/id/card-img/id00016209.png"
"Musharna","https://asia.pokemon-card.com/id/card-img/id00016210.png"
"Woobat","https://asia.pokemon-card.com/id/card-img/id00016211.png"
"Swoobat","https://asia.pokemon-card.com/id/card-img/id00016212.png"
"Sigilyph","https://asia.pokemon-card.com/id/card-img/id00016213.png"
"Yamask","https://asia.pokemon-card.com/id/card-img/id00016214.png"
"Cofagrigus","https://asia.pokemon-card.com/id/card-img/id00016215.png"
"Gothita","https://asia.pokemon-card.com/id/card-img/id00016216.png"
"Gothorita","https://asia.pokemon-card.com/id/card-img/id00016217.png"
"Gothitelle","https://asia.pokemon-card.com/id/card-img/id00016218.png"
"Solosis","https://asia.pokemon-card.com/id/card-img/id00016219.png"
"Duosion","https://asia.pokemon-card.com/id/card-img/id00016220.png"
"Reuniclus","https://asia.pokemon-card.com/id/card-img/id00016221.png"
"Frillish","https://asia.pokemon-card.com/id/card-img/id00016222.png"
"Jellicent ex","https://asia.pokemon-card.com/id/card-img/id00016223.png"
"Elgyem","https://asia.pokemon-card.com/id/card-img/id00016224.png"
"Beheeyem","https://asia.pokemon-card.com/id/card-img/id00016225.png"
"Golett","https://asia.pokemon-card.com/id/card-img/id00016226.png"
"Golurk","https://asia.pokemon-card.com/id/card-img/id00016227.png"
"Meloetta ex","https://asia.pokemon-card.com/id/card-img/id00016228.png"
"Roggenrola","https://asia.pokemon-card.com/id/card-img/id00016229.png"
"Boldore","https://asia.pokemon-card.com/id/card-img/id00016230.png"
"Gigalith","https://asia.pokemon-card.com/id/card-img/id00016231.png"
"Drilbur","https://asia.pokemon-card.com/id/card-img/id00016232.png"
"Excadrill ex","https://asia.pokemon-card.com/id/card-img/id00016233.png"
"Timburr","https://asia.pokemon-card.com/id/card-img/id00016234.png"
"Gurdurr","https://asia.pokemon-card.com/id/card-img/id00016235.png"
"Conkeldurr","https://asia.pokemon-card.com/id/card-img/id00016236.png"
"Throh","https://asia.pokemon-card.com/id/card-img/id00016237.png"
"Sawk","https://asia.pokemon-card.com/id/card-img/id00016238.png"
"Dwebble","https://asia.pokemon-card.com/id/card-img/id00016239.png"
"Crustle","https://asia.pokemon-card.com/id/card-img/id00016240.png"
"Archen","https://asia.pokemon-card.com/id/card-img/id00016241.png"
"Archeops","https://asia.pokemon-card.com/id/card-img/id00016242.png"
"Mienfoo","https://asia.pokemon-card.com/id/card-img/id00016243.png"
"Mienshao","https://asia.pokemon-card.com/id/card-img/id00016244.png"
"Terrakion","https://asia.pokemon-card.com/id/card-img/id00016245.png"
"Landorus","https://asia.pokemon-card.com/id/card-img/id00016246.png"
"Purrloin","https://asia.pokemon-card.com/id/card-img/id00016247.png"
"Liepard","https://asia.pokemon-card.com/id/card-img/id00016248.png"
"Venipede","https://asia.pokemon-card.com/id/card-img/id00016249.png"
"Whirlipede","https://asia.pokemon-card.com/id/card-img/id00016250.png"
"Scolipede","https://asia.pokemon-card.com/id/card-img/id00016251.png"
"Sandile","https://asia.pokemon-card.com/id/card-img/id00016252.png"
"Krokorok","https://asia.pokemon-card.com/id/card-img/id00016253.png"
"Krookodile","https://asia.pokemon-card.com/id/card-img/id00016254.png"
"Scraggy","https://asia.pokemon-card.com/id/card-img/id00016255.png"
"Scrafty","https://asia.pokemon-card.com/id/card-img/id00016256.png"
"Trubbish","https://asia.pokemon-card.com/id/card-img/id00016257.png"
"Garbodor","https://asia.pokemon-card.com/id/card-img/id00016258.png"
"Zorua","https://asia.pokemon-card.com/id/card-img/id00016259.png"
"Zoroark","https://asia.pokemon-card.com/id/card-img/id00016260.png"
"Vullaby","https://asia.pokemon-card.com/id/card-img/id00016261.png"
"Mandibuzz","https://asia.pokemon-card.com/id/card-img/id00016262.png"